time,temperature,humidity
2019-11-04 22:03:50,75,36.0
2019-11-04 22:03:53,75,34.0
2019-11-04 22:03:54,75,34.0
2019-11-04 22:03:56,75,34.0
2019-11-04 22:03:57,75,34.0
2019-11-04 22:03:59,75,34.0
2019-11-04 22:04:01,75,34.0
2019-11-04 22:04:02,75,34.0
2019-11-04 22:04:05,75,34.0
2019-11-04 22:04:09,75,34.0
2019-11-04 22:04:11,75,34.0
2019-11-04 22:04:14,75,34.0
2019-11-04 22:04:17,75,34.0
2019-11-04 22:04:20,75,34.0
2019-11-04 22:04:25,75,34.0
2019-11-04 22:04:28,75,34.0
2019-11-04 22:08:51,75,34.0
2019-11-04 22:08:54,75,34.0
2019-11-04 22:08:57,75,34.0
2019-11-04 22:09:00,75,34.0
2019-11-04 22:09:03,75,34.0
2019-11-04 22:09:05,75,34.0
2019-11-04 22:09:08,75,34.0
2019-11-04 22:09:11,75,34.0
2019-11-04 22:09:14,75,33.0
2019-11-04 22:09:17,75,34.0
2019-11-04 22:09:20,75,33.0
2019-11-04 22:09:25,75,33.0
2019-11-04 22:09:30,75,33.0
2019-11-04 22:09:34,75,33.0
2019-11-04 22:09:36,75,33.0
2019-11-04 22:09:39,75,33.0
2019-11-04 22:09:47,75,33.0
2019-11-04 22:09:53,75,33.0
2019-11-04 22:09:55,75,33.0
2019-11-04 22:10:04,75,33.0
2019-11-04 22:10:11,75,33.0
2019-11-04 22:10:14,75,33.0
2019-11-04 22:10:20,75,33.0
2019-11-04 22:10:25,75,33.0
2019-11-04 22:10:28,75,33.0
2019-11-04 22:10:31,75,33.0
2019-11-04 22:10:39,75,33.0
2019-11-04 22:10:42,75,33.0
2019-11-04 22:10:45,75,33.0
2019-11-04 22:10:48,75,33.0
2019-11-04 22:10:53,75,33.0
2019-11-04 22:10:56,75,33.0
2019-11-04 22:10:59,75,33.0
2019-11-04 22:11:04,75,33.0
2019-11-04 22:11:13,75,33.0
2019-11-04 22:11:19,75,33.0
2019-11-04 22:11:22,75,33.0
2019-11-04 22:11:25,75,33.0
2019-11-04 22:11:27,75,33.0
2019-11-04 22:11:30,75,33.0
2019-11-04 22:11:33,75,33.0
2019-11-04 22:11:36,75,33.0
2019-11-04 22:11:39,75,33.0
2019-11-04 22:11:42,75,33.0
2019-11-04 22:11:45,75,33.0
2019-11-04 22:11:47,75,33.0
2019-11-04 22:11:50,75,33.0
2019-11-04 22:11:58,75,33.0
2019-11-04 23:57:59,72,48.0
2019-11-04 23:58:07,72,48.0
2019-11-04 23:58:13,72,48.0
2019-11-04 23:58:15,72,48.0
2019-11-04 23:58:18,73,48.0
2019-11-04 23:58:21,73,47.0
2019-11-04 23:58:27,73,48.0
2019-11-04 23:58:29,73,47.0
2019-11-04 23:58:32,73,47.0
2019-11-05 00:14:20,73,48.0
2019-11-05 00:14:26,73,48.0
2019-11-05 00:14:29,73,48.0
2019-11-05 00:14:32,73,48.0
2019-11-05 00:14:34,73,47.0
2019-11-05 00:14:40,73,47.0
2019-11-05 00:14:43,73,47.0
2019-11-05 00:14:45,73,47.0
2019-11-05 00:14:48,73,47.0
2019-11-05 00:14:51,73,47.0
2019-11-05 00:14:54,73,47.0
2019-11-05 00:14:57,73,47.0
2019-11-05 00:15:00,73,47.0
2019-11-05 00:15:02,73,47.0
2019-11-05 00:15:06,73,47.0
2019-11-05 00:15:09,73,47.0
2019-11-05 00:15:11,73,47.0
2019-11-05 00:15:14,73,47.0
2019-11-05 00:15:17,73,47.0
2019-11-05 00:15:20,73,47.0
2019-11-05 00:15:23,73,47.0
2019-11-05 00:15:26,73,47.0
2019-11-05 00:15:34,73,47.0
2019-11-05 00:15:37,73,47.0
2019-11-05 00:15:39,73,47.0
2019-11-05 00:15:42,73,47.0
2019-11-05 00:15:45,73,47.0
2019-11-05 00:15:48,73,47.0
2019-11-05 00:15:51,73,47.0
2019-11-05 00:15:54,73,47.0
2019-11-05 00:15:57,73,47.0
2019-11-05 00:16:00,73,47.0
2019-11-05 00:16:03,73,47.0
2019-11-05 00:16:05,73,47.0
2019-11-05 00:16:08,73,47.0
2019-11-05 00:16:11,73,47.0
2019-11-05 00:16:14,73,47.0
2019-11-05 00:16:17,73,47.0
2019-11-05 00:16:24,73,47.0
2019-11-05 00:16:28,73,47.0
2019-11-05 00:16:33,73,47.0
2019-11-05 00:16:36,73,47.0
2019-11-05 00:16:39,73,47.0
2019-11-05 00:16:42,73,47.0
2019-11-05 00:16:44,73,47.0
2019-11-05 00:16:48,73,47.0
2019-11-05 00:16:50,73,47.0
2019-11-05 00:16:53,73,47.0
2019-11-05 00:16:56,73,47.0
2019-11-05 00:16:59,73,47.0
2019-11-05 00:17:02,73,47.0
2019-11-05 00:17:05,73,47.0
2019-11-05 00:17:08,73,47.0
2019-11-05 00:17:11,73,47.0
2019-11-05 00:17:16,73,47.0
2019-11-05 00:17:19,73,47.0
2019-11-05 00:17:22,73,47.0
2019-11-05 00:17:25,73,47.0
2019-11-05 00:17:28,73,47.0
2019-11-05 00:17:31,73,47.0
2019-11-05 00:17:34,73,47.0
2019-11-05 00:17:36,73,47.0
2019-11-05 00:17:39,73,47.0
2019-11-05 00:17:50,73,47.0
2019-11-05 00:17:53,73,47.0
2019-11-05 00:18:01,73,47.0
2019-11-05 00:18:04,73,47.0
2019-11-05 00:18:09,73,47.0
2019-11-05 00:18:12,73,47.0
2019-11-05 00:18:18,73,47.0
2019-11-05 00:18:23,73,47.0
2019-11-05 00:18:26,73,47.0
2019-11-05 00:18:29,73,47.0
2019-11-05 00:18:32,73,47.0
2019-11-05 00:18:42,73,47.0
2019-11-05 00:18:45,73,47.0
2019-11-05 00:18:51,73,47.0
2019-11-05 00:18:56,73,47.0
2019-11-05 00:19:02,73,47.0
2019-11-05 00:19:04,73,47.0
2019-11-05 00:19:07,73,47.0
2019-11-05 00:19:12,73,47.0
2019-11-05 00:19:16,73,47.0
2019-11-05 00:19:18,73,47.0
2019-11-05 00:19:21,73,47.0
2019-11-05 00:19:24,73,46.0
2019-11-05 00:19:27,73,46.0
2019-11-05 00:19:30,73,46.0
2019-11-05 00:19:33,73,46.0
2019-11-05 00:19:35,73,46.0
2019-11-05 00:19:38,73,46.0
2019-11-05 00:19:41,73,46.0
2019-11-05 00:19:44,73,47.0
2019-11-05 00:19:47,73,47.0
2019-11-05 00:19:50,73,46.0
2019-11-05 00:19:53,73,46.0
2019-11-05 00:19:55,73,46.0
2019-11-05 00:19:58,73,47.0
2019-11-05 00:20:01,73,46.0
2019-11-05 00:20:07,73,47.0
2019-11-05 00:20:12,73,47.0
2019-11-05 00:20:15,73,47.0
2019-11-05 00:20:21,73,47.0
2019-11-05 00:20:26,73,47.0
2019-11-05 00:20:29,73,47.0
2019-11-05 00:20:32,73,47.0
2019-11-05 00:20:35,73,47.0
2019-11-05 12:29:55,72,57.0
2019-11-05 12:29:58,72,57.0
2019-11-05 12:30:01,72,57.0
2019-11-05 12:30:04,72,57.0
2019-11-05 12:30:07,72,57.0
2019-11-05 12:30:09,72,57.0
2019-11-05 12:30:15,72,57.0
2019-11-05 12:30:18,72,57.0
2019-11-05 12:30:23,72,57.0
2019-11-05 12:30:36,72,56.0
2019-11-05 12:30:39,72,56.0
2019-11-05 12:30:42,72,56.0
2019-11-05 12:30:45,72,56.0
2019-11-05 12:30:48,72,56.0
2019-11-05 12:30:53,72,57.0
2019-11-05 12:30:56,72,57.0
2019-11-05 12:30:59,72,57.0
2019-11-05 12:31:07,72,56.0
2019-11-05 12:31:10,72,56.0
2019-11-05 12:31:15,72,56.0
2019-11-05 12:31:18,72,56.0
2019-11-05 12:31:21,72,56.0
2019-11-05 12:31:24,72,56.0
2019-11-05 12:31:27,72,56.0
2019-11-05 12:31:30,72,56.0
2019-11-05 12:31:33,72,56.0
2019-11-05 12:31:36,72,56.0
2019-11-05 12:31:39,72,56.0
2019-11-05 12:31:44,72,56.0
2019-11-05 12:32:05,72,56.0
2019-11-05 12:32:10,72,56.0
2019-11-05 12:32:16,72,56.0
2019-11-05 12:32:21,72,56.0
2019-11-05 12:32:24,72,56.0
2019-11-05 12:32:27,72,56.0
2019-11-05 12:32:30,72,56.0
2019-11-05 12:32:35,72,56.0
2019-11-05 12:32:39,72,56.0
2019-11-05 12:37:04,73,56.0
2019-11-05 12:37:07,73,56.0
2019-11-05 12:37:11,73,57.0
2019-11-05 12:37:23,73,57.0
2019-11-05 12:37:27,73,57.0
2019-11-05 12:37:29,73,57.0
2019-11-05 12:37:32,73,57.0
2019-11-05 12:37:35,73,56.0
2019-11-05 12:37:38,73,56.0
2019-11-05 12:37:41,73,56.0
2019-11-05 12:37:44,73,56.0
2019-11-05 12:37:46,73,56.0
2019-11-05 12:37:49,73,56.0
2019-11-05 12:37:52,73,56.0
2019-11-05 12:37:55,73,56.0
2019-11-05 12:37:58,73,56.0
2019-11-05 12:38:01,73,56.0
2019-11-05 12:38:04,73,58.0
2019-11-05 12:38:39,73,56.0
2019-11-05 12:38:42,73,56.0
2019-11-05 12:38:48,73,56.0
2019-11-05 12:38:56,73,56.0
2019-11-05 12:38:59,73,56.0
2019-11-05 12:39:02,73,56.0
2019-11-05 12:39:05,73,56.0
2019-11-05 12:39:07,73,56.0
2019-11-05 12:39:10,73,55.0
2019-11-05 12:39:13,73,55.0
2019-11-05 12:39:16,73,55.0
2019-11-05 12:39:22,73,55.0
2019-11-05 12:39:24,73,55.0
2019-11-05 12:39:27,73,55.0
2019-11-05 12:39:30,73,55.0
2019-11-05 12:39:33,73,55.0
2019-11-05 12:41:57,73,55.0
2019-11-05 12:42:00,73,55.0
2019-11-05 12:42:05,73,55.0
2019-11-05 12:42:08,73,55.0
2019-11-05 12:42:11,73,55.0
2019-11-05 12:42:14,73,55.0
2019-11-05 12:42:17,73,55.0
2019-11-05 12:42:19,73,55.0
2019-11-05 12:42:23,73,55.0
2019-11-05 12:42:25,73,55.0
2019-11-05 12:42:28,73,55.0
2019-11-05 12:42:31,73,55.0
2019-11-05 12:42:34,73,55.0
2019-11-05 13:17:33,72,46.0
2019-11-05 13:17:35,72,46.0
2019-11-05 13:17:38,72,46.0
2019-11-05 13:17:41,72,46.0
2019-11-05 13:17:44,72,46.0
2019-11-05 13:17:47,72,46.0
2019-11-05 13:17:50,72,46.0
2019-11-05 13:17:53,72,46.0
2019-11-05 13:17:56,72,46.0
2019-11-05 13:17:58,72,46.0
2019-11-05 13:18:01,72,46.0
2019-11-05 13:18:04,72,46.0
2019-11-05 13:18:07,72,46.0
2019-11-05 13:18:10,72,46.0
2019-11-05 13:18:18,72,46.0
2019-11-05 13:18:21,72,46.0
2019-11-05 13:18:29,72,46.0
2019-11-05 13:18:34,72,46.0
2019-11-05 13:18:39,72,46.0
2019-11-05 13:18:43,72,46.0
2019-11-05 13:18:46,72,46.0
2019-11-05 13:18:51,72,88.0
2019-11-05 13:18:54,72,88.0
2019-11-05 13:18:57,72,89.0
2019-11-05 13:18:59,72,89.0
2019-11-05 13:19:02,72,89.0
2019-11-05 13:19:05,73,88.0
2019-11-05 13:19:08,73,87.0
2019-11-05 13:19:09,73,86.0
2019-11-05 13:19:11,73,81.0
2019-11-05 13:19:12,73,75.0
2019-11-05 13:19:14,73,72.0
2019-11-05 13:19:16,73,67.0
2019-11-05 13:19:18,73,76.0
2019-11-05 13:19:21,75,91.0
2019-11-05 13:19:23,75,95.0
2019-11-05 13:19:23,75,95.0
2019-11-05 13:19:26,77,95.0
2019-11-05 13:19:29,77,95.0
2019-11-05 13:19:35,79,95.0
2019-11-05 13:19:37,79,95.0
2019-11-05 13:19:48,81,89.0
2019-11-05 13:19:51,81,63.0
2019-11-05 13:19:57,81,51.0
2019-11-05 13:20:00,81,48.0
2019-11-05 13:20:02,81,45.0
2019-11-05 13:20:05,81,44.0
2019-11-05 13:20:08,81,44.0
2019-11-05 13:20:11,81,44.0
2019-11-05 13:20:14,81,43.0
2019-11-05 13:20:17,79,42.0
2019-11-05 13:20:20,79,41.0
2019-11-05 13:20:23,79,41.0
2019-11-05 13:20:25,79,41.0
2019-11-05 13:20:28,79,41.0
2019-11-05 13:20:31,79,43.0
2019-11-05 13:20:37,79,44.0
2019-11-05 13:20:39,79,43.0
2019-11-05 13:20:42,79,42.0
2019-11-05 13:20:45,79,42.0
2019-11-05 13:20:48,77,41.0
2019-11-05 13:20:51,77,41.0
2019-11-05 13:20:54,77,40.0
2019-11-05 13:20:57,77,41.0
2019-11-05 13:21:02,77,41.0
2019-11-05 13:21:05,77,41.0
2019-11-05 13:21:08,77,41.0
2019-11-05 13:21:11,77,41.0
2019-11-05 13:21:13,77,41.0
2019-11-05 13:21:16,77,41.0
2019-11-05 13:21:19,77,40.0
2019-11-05 13:21:25,77,41.0
2019-11-05 13:21:28,75,42.0
2019-11-05 13:21:31,75,42.0
2019-11-05 13:21:36,75,42.0
2019-11-05 13:21:39,75,43.0
2019-11-05 13:21:42,75,43.0
2019-11-05 13:21:47,75,43.0
2019-11-05 13:21:50,75,44.0
2019-11-05 13:21:55,75,45.0
2019-11-05 13:21:59,75,45.0
2019-11-05 13:22:02,75,46.0
2019-11-05 13:22:04,75,46.0
2019-11-05 13:22:07,75,46.0
2019-11-05 13:22:10,75,45.0
2019-11-05 13:22:13,75,44.0
2019-11-05 13:22:16,75,44.0
2019-11-05 13:22:19,75,44.0
2019-11-05 13:22:22,75,44.0
2019-11-05 13:22:27,73,43.0
2019-11-05 13:22:30,73,43.0
2019-11-05 13:22:35,73,43.0
2019-11-05 13:22:38,73,43.0
2019-11-05 13:22:41,73,43.0
2019-11-05 13:22:44,73,43.0
2019-11-05 13:22:47,73,44.0
2019-11-05 13:22:50,73,44.0
2019-11-05 13:22:52,73,44.0
2019-11-05 13:22:56,73,45.0
2019-11-05 13:22:58,73,45.0
2019-11-05 13:23:01,73,47.0
2019-11-05 13:23:07,73,48.0
2019-11-05 13:23:10,73,48.0
2019-11-05 13:23:12,73,48.0
2019-11-05 13:23:15,73,48.0
2019-11-05 13:23:18,73,48.0
2019-11-05 13:23:21,73,48.0
2019-11-05 13:23:24,73,48.0
2019-11-05 13:23:29,73,48.0
2019-11-05 13:23:32,73,48.0
2019-11-05 13:23:35,73,48.0
2019-11-05 13:23:38,73,48.0
2019-11-05 13:23:41,73,48.0
2019-11-05 13:23:44,73,47.0
2019-11-05 13:23:47,73,47.0
2019-11-05 13:23:49,73,47.0
2019-11-05 13:23:55,73,47.0
2019-11-05 13:24:00,73,47.0
2019-11-05 13:24:03,73,47.0
2019-11-05 13:24:06,73,48.0
2019-11-05 13:24:09,73,48.0
2019-11-05 13:24:12,73,47.0
2019-11-05 13:24:15,73,47.0
2019-11-05 13:24:18,73,46.0
2019-11-05 13:24:20,73,46.0
2019-11-05 13:24:24,73,46.0
2019-11-05 13:24:26,73,46.0
2019-11-05 13:24:29,73,45.0
2019-11-05 13:24:32,73,45.0
2019-11-05 13:24:35,73,45.0
2019-11-05 13:24:38,73,46.0
2019-11-05 13:24:41,73,47.0
2019-11-05 13:24:46,73,46.0
2019-11-05 13:24:49,73,46.0
2019-11-05 13:24:52,73,46.0
2019-11-05 13:24:55,73,47.0
2019-11-05 13:24:57,73,47.0
2019-11-05 13:25:01,73,48.0
2019-11-05 13:25:03,73,49.0
2019-11-05 13:25:06,73,50.0
2019-11-05 13:25:09,73,50.0
2019-11-05 13:25:12,73,50.0
2019-11-05 13:25:15,73,50.0
2019-11-05 13:25:18,73,50.0
2019-11-05 13:25:21,73,50.0
2019-11-05 13:25:26,73,50.0
2019-11-05 13:25:32,73,49.0
2019-11-05 13:25:34,73,49.0
2019-11-05 13:25:38,72,49.0
2019-11-05 13:25:43,72,49.0
2019-11-05 13:25:46,72,49.0
2019-11-05 13:25:49,72,48.0
2019-11-05 13:25:50,72,48.0
2019-11-05 13:25:52,72,47.0
2019-11-05 13:25:53,72,47.0
2019-11-05 13:25:55,72,47.0
2019-11-05 13:25:56,72,47.0
2019-11-05 13:25:58,72,47.0
2019-11-05 13:26:00,72,47.0
2019-11-05 13:26:01,72,47.0
2019-11-05 13:26:04,72,46.0
2019-11-05 13:26:06,72,46.0
2019-11-05 13:26:09,72,47.0
2019-11-05 13:26:12,72,47.0
2019-11-05 13:26:15,72,47.0
2019-11-05 13:26:18,72,47.0
2019-11-05 13:26:23,72,47.0
2019-11-05 13:26:29,72,46.0
2019-11-05 13:26:32,72,46.0
2019-11-05 13:26:34,72,46.0
2019-11-05 13:26:37,72,47.0
2019-11-05 13:26:40,72,47.0
2019-11-05 13:26:43,72,47.0
2019-11-05 13:26:46,72,47.0
2019-11-05 13:26:49,72,47.0
2019-11-05 13:26:51,72,47.0
2019-11-05 13:26:55,72,47.0
2019-11-05 13:26:57,72,47.0
2019-11-05 13:27:06,72,48.0
2019-11-05 13:27:08,72,49.0
2019-11-05 13:27:11,72,49.0
2019-11-05 13:27:14,72,49.0
2019-11-05 13:27:15,72,49.0
2019-11-05 13:27:16,72,48.0
2019-11-05 13:27:20,72,48.0
2019-11-05 13:27:22,72,48.0
2019-11-05 13:27:25,72,48.0
2019-11-05 13:27:28,72,48.0
2019-11-05 13:27:31,72,48.0
2019-11-05 13:27:34,72,48.0
2019-11-05 13:27:37,72,47.0
2019-11-05 13:27:42,72,49.0
2019-11-05 13:27:45,72,49.0
2019-11-05 13:27:48,72,49.0
2019-11-05 13:27:51,72,49.0
2019-11-05 13:27:53,72,50.0
2019-11-05 13:27:56,72,50.0
2019-11-05 13:27:59,72,50.0
2019-11-05 13:28:02,72,51.0
2019-11-05 13:28:05,72,51.0
2019-11-05 13:28:08,72,50.0
2019-11-05 13:28:11,72,50.0
2019-11-05 13:28:13,72,50.0
2019-11-05 13:28:16,72,51.0
2019-11-05 13:28:19,72,51.0
2019-11-05 13:28:20,72,51.0
2019-11-05 13:28:22,72,51.0
2019-11-05 13:28:24,72,52.0
2019-11-05 13:28:27,72,56.0
2019-11-05 13:28:33,72,53.0
2019-11-05 13:28:36,72,52.0
2019-11-05 13:28:39,72,51.0
2019-11-05 13:28:42,72,51.0
2019-11-05 13:28:44,72,50.0
2019-11-05 13:28:47,72,50.0
2019-11-05 13:28:50,72,49.0
2019-11-05 13:28:53,72,49.0
2019-11-05 13:28:56,72,49.0
2019-11-05 13:28:59,72,48.0
2019-11-05 13:29:02,72,48.0
2019-11-05 13:29:09,72,48.0
2019-11-05 13:29:13,72,47.0
2019-11-05 13:29:15,72,47.0
2019-11-05 13:29:18,72,47.0
2019-11-05 13:29:21,72,47.0
2019-11-05 13:29:27,72,47.0
2019-11-05 13:29:29,72,47.0
2019-11-05 13:29:32,72,47.0
2019-11-05 13:29:35,72,47.0
2019-11-05 13:29:38,72,47.0
2019-11-05 13:29:41,72,47.0
2019-11-05 13:29:44,72,47.0
2019-11-05 13:29:47,72,47.0
2019-11-05 13:29:49,72,47.0
2019-11-05 13:29:52,72,47.0
2019-11-05 13:29:55,72,47.0
2019-11-05 13:29:58,72,47.0
2019-11-05 13:30:03,72,47.0
2019-11-05 13:30:06,72,47.0
2019-11-05 13:30:09,72,47.0
2019-11-05 13:30:12,72,47.0
2019-11-05 13:30:15,72,47.0
2019-11-05 13:30:18,72,47.0
2019-11-05 13:30:31,72,47.0
2019-11-05 13:30:34,72,47.0
2019-11-05 13:30:37,72,47.0
2019-11-05 13:30:40,72,47.0
2019-11-05 13:30:45,72,47.0
2019-11-05 13:30:46,72,47.0
2019-11-05 13:30:47,72,47.0
2019-11-05 13:30:49,72,47.0
2019-11-05 13:30:51,72,47.0
2019-11-05 13:30:54,72,47.0
2019-11-05 13:30:57,72,47.0
2019-11-05 13:31:00,72,47.0
2019-11-05 13:31:03,72,47.0
2019-11-05 13:31:05,72,47.0
2019-11-05 13:31:08,72,47.0
2019-11-05 13:31:11,72,47.0
2019-11-05 13:31:14,72,47.0
2019-11-05 13:31:17,72,47.0
2019-11-05 13:31:20,72,47.0
2019-11-05 13:31:23,72,47.0
2019-11-05 13:31:28,72,47.0
2019-11-05 13:31:33,72,47.0
2019-11-05 13:31:36,72,47.0
2019-11-05 13:31:39,72,47.0
2019-11-05 13:31:42,72,47.0
2019-11-05 13:31:45,72,47.0
2019-11-05 13:31:48,72,47.0
2019-11-05 13:31:51,72,47.0
2019-11-05 13:31:54,72,47.0
2019-11-05 13:31:56,72,47.0
2019-11-05 13:32:02,72,47.0
2019-11-05 13:32:07,72,47.0
2019-11-05 13:32:10,72,47.0
2019-11-05 13:32:12,72,47.0
2019-11-05 13:32:14,72,47.0
2019-11-05 13:32:15,72,47.0
2019-11-05 13:32:17,72,47.0
2019-11-05 13:32:18,72,48.0
2019-11-05 13:32:20,72,48.0
2019-11-05 13:32:21,72,49.0
2019-11-05 13:32:25,72,49.0
2019-11-05 13:32:28,72,49.0
2019-11-05 13:32:31,72,49.0
2019-11-05 13:32:33,72,49.0
2019-11-05 13:32:37,72,50.0
2019-11-05 13:32:39,72,50.0
2019-11-05 13:32:42,72,50.0
2019-11-05 13:32:45,72,49.0
2019-11-05 13:32:48,72,49.0
2019-11-05 13:32:51,72,49.0
2019-11-05 13:32:54,72,49.0
2019-11-05 13:32:56,72,49.0
2019-11-05 13:32:59,72,49.0
2019-11-05 13:33:02,72,49.0
2019-11-05 13:33:05,72,49.0
2019-11-05 13:33:08,72,49.0
2019-11-05 13:33:11,72,48.0
2019-11-05 13:33:14,72,48.0
2019-11-05 13:33:16,72,48.0
2019-11-05 13:33:19,72,48.0
2019-11-05 13:33:22,72,49.0
2019-11-05 13:33:25,72,49.0
2019-11-05 13:33:33,72,48.0
2019-11-05 13:33:39,72,47.0
2019-11-05 13:33:41,72,47.0
2019-11-05 13:33:44,72,47.0
2019-11-05 13:33:47,72,47.0
2019-11-05 13:33:50,72,47.0
2019-11-05 13:33:53,72,47.0
2019-11-05 13:33:56,72,47.0
2019-11-05 13:33:58,72,47.0
2019-11-05 13:34:01,72,47.0
2019-11-05 13:34:04,72,47.0
2019-11-05 13:34:07,72,47.0
2019-11-05 13:34:10,72,47.0
2019-11-05 13:34:13,72,47.0
2019-11-05 13:34:16,72,47.0
2019-11-05 13:34:21,72,47.0
2019-11-05 13:34:27,72,47.0
2019-11-05 13:34:29,72,47.0
2019-11-05 13:34:32,72,47.0
2019-11-05 13:34:35,72,47.0
2019-11-05 13:34:38,72,47.0
2019-11-05 13:34:41,72,47.0
2019-11-05 13:34:44,72,47.0
2019-11-05 13:34:49,72,47.0
2019-11-05 13:34:52,72,47.0
2019-11-05 13:34:55,72,47.0
2019-11-05 13:34:58,72,47.0
2019-11-05 13:35:01,72,47.0
2019-11-05 13:35:04,72,47.0
2019-11-05 13:35:07,72,47.0
2019-11-05 13:35:10,72,47.0
2019-11-05 13:35:12,72,47.0
2019-11-05 13:35:15,72,47.0
2019-11-05 13:35:18,72,47.0
2019-11-05 13:35:21,72,47.0
2019-11-05 13:35:24,72,47.0
2019-11-05 13:35:27,72,47.0
2019-11-05 13:35:30,72,47.0
2019-11-05 13:35:33,72,47.0
2019-11-05 13:35:35,72,47.0
2019-11-05 13:35:38,72,47.0
2019-11-05 13:35:41,72,47.0
2019-11-05 13:35:44,72,47.0
2019-11-05 13:35:47,72,47.0
2019-11-05 13:35:50,72,47.0
2019-11-05 13:35:52,72,47.0
2019-11-05 13:35:55,72,47.0
2019-11-05 13:35:58,72,47.0
2019-11-05 13:36:01,72,47.0
2019-11-05 13:36:04,72,47.0
2019-11-05 13:36:07,72,47.0
2019-11-05 13:36:10,72,47.0
2019-11-05 13:36:20,72,47.0
2019-11-05 13:36:23,72,47.0
2019-11-05 13:36:26,72,47.0
2019-11-05 13:36:29,72,47.0
2019-11-05 13:36:32,72,47.0
2019-11-05 13:36:35,72,47.0
2019-11-05 13:36:37,72,47.0
2019-11-05 13:36:40,72,47.0
2019-11-05 13:36:43,72,47.0
2019-11-05 13:36:46,72,47.0
2019-11-05 13:36:49,72,47.0
2019-11-05 13:36:52,72,47.0
2019-11-05 13:36:55,72,47.0
2019-11-05 13:36:58,72,47.0
2019-11-05 13:37:01,72,47.0
2019-11-05 13:37:03,72,47.0
2019-11-05 13:37:06,72,47.0
2019-11-05 13:37:09,72,48.0
2019-11-05 13:37:12,72,48.0
2019-11-05 13:37:15,72,48.0
2019-11-05 13:37:18,72,48.0
2019-11-05 13:37:23,72,48.0
2019-11-05 13:37:26,72,48.0
2019-11-05 13:37:29,72,47.0
2019-11-05 13:37:32,72,47.0
2019-11-05 13:37:40,72,48.0
2019-11-05 13:37:43,72,48.0
2019-11-05 13:37:46,72,48.0
2019-11-05 13:37:49,72,48.0
2019-11-05 13:37:51,72,49.0
2019-11-05 13:37:54,72,49.0
2019-11-05 13:37:57,72,49.0
2019-11-05 13:38:00,72,48.0
2019-11-05 13:38:03,72,48.0
2019-11-05 13:38:06,72,48.0
2019-11-05 13:38:14,72,50.0
2019-11-05 13:38:17,72,50.0
2019-11-05 13:38:19,72,50.0
2019-11-05 13:38:22,72,50.0
2019-11-05 13:38:25,72,50.0
2019-11-05 13:38:31,72,50.0
2019-11-05 13:38:36,72,50.0
2019-11-05 13:38:39,72,50.0
2019-11-05 13:38:42,72,50.0
2019-11-05 13:38:45,72,50.0
2019-11-05 13:38:48,72,50.0
2019-11-05 13:38:53,72,49.0
2019-11-05 13:38:56,72,49.0
2019-11-05 13:38:59,72,49.0
2019-11-05 13:39:02,72,49.0
2019-11-05 13:39:05,72,49.0
2019-11-05 13:39:08,72,49.0
2019-11-05 13:39:11,72,48.0
2019-11-05 13:39:13,72,49.0
2019-11-05 13:39:16,72,49.0
2019-11-05 13:39:19,72,50.0
2019-11-05 13:39:22,72,50.0
2019-11-05 13:39:25,72,50.0
2019-11-05 13:39:28,72,50.0
2019-11-05 13:39:30,72,49.0
2019-11-05 13:39:33,72,49.0
2019-11-05 13:39:36,72,48.0
2019-11-05 13:39:39,72,48.0
2019-11-05 13:39:42,72,48.0
2019-11-05 13:39:45,72,48.0
2019-11-05 13:39:48,72,47.0
2019-11-05 13:39:50,72,47.0
2019-11-05 13:39:53,72,47.0
2019-11-05 13:39:56,72,47.0
2019-11-05 13:39:59,72,47.0
2019-11-05 13:40:02,72,47.0
2019-11-05 13:40:05,72,47.0
2019-11-05 13:40:08,72,47.0
2019-11-05 13:40:11,72,47.0
2019-11-05 13:40:14,72,47.0
2019-11-05 13:40:16,72,48.0
2019-11-05 13:40:19,72,48.0
2019-11-05 13:40:22,72,48.0
2019-11-05 13:40:25,72,49.0
2019-11-05 13:40:30,72,49.0
2019-11-05 13:40:33,72,49.0
2019-11-05 13:40:36,72,48.0
2019-11-05 13:40:39,72,48.0
2019-11-05 13:40:42,72,48.0
2019-11-05 13:40:47,72,47.0
2019-11-05 13:40:50,72,47.0
2019-11-05 13:40:53,72,47.0
2019-11-05 13:40:56,72,47.0
2019-11-05 13:40:59,72,47.0
2019-11-05 13:41:01,72,47.0
2019-11-05 13:41:05,72,47.0
2019-11-05 13:41:10,72,47.0
2019-11-05 13:41:13,72,47.0
2019-11-05 13:41:16,72,47.0
2019-11-05 13:41:19,72,47.0
2019-11-05 13:41:22,72,47.0
2019-11-05 13:41:24,72,47.0
2019-11-05 13:41:27,72,47.0
2019-11-05 13:41:30,72,47.0
2019-11-05 13:41:33,72,47.0
2019-11-05 13:41:36,72,47.0
2019-11-05 13:41:39,72,47.0
2019-11-05 13:41:42,72,47.0
2019-11-05 13:41:44,72,47.0
2019-11-05 13:41:47,72,47.0
2019-11-05 13:41:50,72,48.0
2019-11-05 13:41:53,72,48.0
2019-11-05 13:41:56,72,48.0
2019-11-05 13:41:59,72,47.0
2019-11-05 13:42:02,72,47.0
2019-11-05 13:42:05,72,47.0
2019-11-05 13:42:12,72,47.0
2019-11-05 13:42:15,72,48.0
2019-11-05 13:42:21,72,48.0
2019-11-05 13:42:26,72,48.0
2019-11-05 13:42:29,72,48.0
2019-11-05 13:42:32,72,48.0
2019-11-05 13:42:35,72,48.0
2019-11-05 13:42:38,72,48.0
2019-11-05 13:42:41,72,48.0
2019-11-05 13:42:43,72,48.0
2019-11-05 13:42:46,72,48.0
2019-11-05 13:42:49,72,48.0
2019-11-05 13:42:52,72,48.0
2019-11-05 13:42:55,72,48.0
2019-11-05 13:42:58,72,48.0
2019-11-05 13:43:01,72,48.0
2019-11-05 13:43:04,72,48.0
2019-11-05 13:43:07,72,48.0
2019-11-05 13:43:12,72,50.0
2019-11-05 13:43:15,72,50.0
2019-11-05 13:43:18,72,49.0
2019-11-05 13:43:21,72,49.0
2019-11-05 13:43:24,72,49.0
2019-11-05 13:43:27,72,49.0
2019-11-05 13:43:30,72,48.0
2019-11-05 13:43:32,72,48.0
2019-11-05 13:43:35,72,48.0
2019-11-05 13:43:38,72,48.0
2019-11-05 13:43:41,72,48.0
2019-11-05 13:43:44,72,48.0
2019-11-05 13:43:47,72,48.0
2019-11-05 13:43:50,72,48.0
2019-11-05 13:49:44,72,48.0
2019-11-05 13:49:47,72,48.0
2019-11-05 13:49:55,72,48.0
2019-11-05 13:50:03,72,48.0
2019-11-05 13:50:06,72,48.0
2019-11-05 13:50:09,72,48.0
2019-11-05 13:50:11,72,48.0
2019-11-05 13:50:15,72,48.0
2019-11-05 13:50:20,72,49.0
2019-11-05 13:50:26,72,49.0
2019-11-05 13:50:28,72,49.0
2019-11-05 13:50:31,72,49.0
2019-11-05 13:50:36,72,48.0
2019-11-05 13:50:40,72,48.0
2019-11-05 13:50:42,72,48.0
2019-11-05 13:50:48,72,49.0
2019-11-05 13:50:51,72,49.0
2019-11-05 13:50:54,72,48.0
2019-11-05 13:50:57,72,48.0
2019-11-05 13:51:00,72,48.0
2019-11-05 13:51:02,72,48.0
2019-11-05 13:51:08,72,48.0
2019-11-05 13:51:11,72,48.0
2019-11-05 13:51:14,72,48.0
2019-11-05 13:51:16,72,48.0
2019-11-05 13:51:19,72,48.0
2019-11-05 13:51:22,72,48.0
2019-11-05 13:51:25,72,48.0
2019-11-05 13:51:33,72,48.0
2019-11-05 13:51:39,72,48.0
2019-11-05 14:04:58,72,50.0
2019-11-05 14:05:01,72,49.0
2019-11-05 14:05:04,72,49.0
2019-11-05 14:05:07,72,49.0
2019-11-05 14:05:09,72,49.0
2019-11-05 14:05:12,72,49.0
2019-11-05 14:05:18,72,49.0
2019-11-05 14:38:05,72,54.0
2019-11-05 14:38:11,73,54.0
2019-11-05 14:38:13,73,54.0
2019-11-05 14:38:16,73,54.0
2019-11-05 14:38:19,73,54.0
2019-11-05 14:38:22,73,54.0
2019-11-05 14:38:25,73,54.0
2019-11-05 14:38:28,73,54.0
2019-11-05 14:38:33,73,54.0
2019-11-05 14:38:36,73,54.0
2019-11-05 14:38:39,73,54.0
2019-11-05 14:38:44,73,54.0
2019-11-05 14:38:53,73,54.0
2019-11-05 14:38:58,73,54.0
2019-11-05 14:39:01,73,54.0
2019-11-05 14:39:04,73,54.0
2019-11-05 14:39:07,73,54.0
2019-11-05 14:39:10,73,54.0
2019-11-05 14:39:12,73,54.0
2019-11-05 14:39:15,73,54.0
2019-11-05 14:39:18,73,54.0
2019-11-05 14:39:21,73,54.0
2019-11-05 14:39:24,73,54.0
2019-11-05 14:39:27,73,54.0
2019-11-05 14:39:29,73,54.0
2019-11-05 14:39:35,73,54.0
2019-11-05 14:39:38,73,54.0
2019-11-05 14:39:41,73,54.0
2019-11-05 14:39:43,73,54.0
2019-11-05 14:39:46,73,54.0
2019-11-05 14:39:49,73,54.0
2019-11-05 14:39:52,73,54.0
2019-11-05 14:39:55,73,54.0
2019-11-05 14:39:58,73,54.0
2019-11-05 14:40:03,73,54.0
2019-11-05 14:40:08,73,54.0
2019-11-05 14:40:12,73,54.0
2019-11-05 14:40:14,73,54.0
2019-11-05 14:40:17,73,54.0
2019-11-05 14:40:25,73,54.0
2019-11-05 14:40:28,73,54.0
2019-11-05 14:40:36,73,54.0
2019-11-05 14:40:39,73,54.0
2019-11-05 14:40:42,73,54.0
2019-11-05 14:40:45,73,54.0
2019-11-05 14:40:47,73,54.0
2019-11-05 14:40:50,73,54.0
2019-11-05 14:40:53,73,54.0
2019-11-05 14:40:56,73,54.0
2019-11-05 14:41:01,73,54.0
2019-11-05 14:41:04,73,54.0
2019-11-05 14:41:07,73,54.0
2019-11-05 14:41:10,73,54.0
2019-11-05 14:41:13,73,54.0
2019-11-05 14:41:15,73,55.0
2019-11-05 14:41:18,73,57.0
2019-11-05 14:41:21,73,58.0
2019-11-05 14:41:27,73,56.0
2019-11-05 14:41:29,73,56.0
2019-11-05 14:41:32,73,55.0
2019-11-05 14:41:38,73,54.0
2019-11-05 14:41:41,73,54.0
2019-11-05 14:41:46,73,54.0
2019-11-05 14:41:52,73,53.0
2019-11-05 14:41:55,73,53.0
2019-11-05 14:41:57,73,53.0
2019-11-05 14:42:00,73,53.0
2019-11-05 14:42:06,73,52.0
2019-11-05 14:42:11,73,52.0
2019-11-05 14:42:14,73,52.0
2019-11-05 14:42:17,73,52.0
2019-11-05 14:42:22,73,52.0
2019-11-05 14:42:25,73,52.0
2019-11-05 14:42:28,73,52.0
2019-11-05 14:42:33,73,53.0
2019-11-05 14:42:36,73,53.0
2019-11-05 14:42:40,73,53.0
2019-11-05 14:42:42,73,53.0
2019-11-05 14:42:53,73,53.0
2019-11-05 14:42:56,73,53.0
2019-11-05 14:42:59,73,52.0
2019-11-05 14:43:01,73,52.0
2019-11-05 14:43:05,73,52.0
2019-11-05 14:43:07,73,52.0
2019-11-05 14:43:10,73,52.0
2019-11-05 14:43:13,73,52.0
2019-11-05 14:43:16,73,52.0
2019-11-05 14:43:24,73,52.0
2019-11-05 14:43:27,73,52.0
2019-11-05 14:43:32,73,52.0
2019-11-05 14:43:38,73,52.0
2019-11-05 14:43:40,73,52.0
2019-11-05 14:43:43,73,52.0
2019-11-05 14:43:46,73,52.0
2019-11-05 14:43:49,73,52.0
2019-11-05 14:43:52,73,53.0
2019-11-05 14:43:55,73,53.0
2019-11-05 14:43:57,73,53.0
2019-11-05 14:44:03,73,53.0
2019-11-05 14:44:06,73,53.0
2019-11-05 14:44:09,73,53.0
2019-11-05 14:44:12,73,53.0
2019-11-05 14:44:17,73,53.0
2019-11-05 14:44:20,73,53.0
2019-11-05 14:44:23,73,53.0
2019-11-05 14:44:26,73,52.0
2019-11-05 14:44:28,73,52.0
2019-11-05 14:44:31,73,52.0
2019-11-05 14:44:34,73,52.0
2019-11-05 14:44:37,73,52.0
2019-11-05 14:44:40,73,52.0
2019-11-05 14:44:43,73,52.0
2019-11-05 14:44:45,73,52.0
2019-11-05 14:44:51,73,52.0
2019-11-05 14:44:54,73,52.0
2019-11-05 14:44:57,73,52.0
2019-11-05 14:45:00,73,53.0
2019-11-05 14:45:02,73,52.0
2019-11-05 14:45:05,73,53.0
2019-11-05 14:45:13,73,53.0
2019-11-05 14:45:16,73,53.0
2019-11-05 14:45:19,73,53.0
2019-11-05 14:45:22,73,53.0
2019-11-05 14:45:25,73,53.0
2019-11-05 14:45:28,73,53.0
2019-11-05 15:38:47,73,46.0
2019-11-05 15:38:50,73,46.0
2019-11-05 15:38:53,73,46.0
2019-11-05 15:38:56,73,46.0
2019-11-05 15:39:01,73,46.0
2019-11-05 15:39:04,73,46.0
2019-11-05 15:39:07,73,45.0
2019-11-05 15:39:09,73,46.0
2019-11-05 15:39:13,73,46.0
2019-11-05 15:39:15,73,46.0
2019-11-05 15:39:18,73,46.0
2019-11-05 15:39:21,73,46.0
2019-11-05 15:39:27,73,46.0
2019-11-05 15:39:29,73,46.0
2019-11-05 15:39:32,73,45.0
2019-11-05 15:39:38,73,45.0
2019-11-05 15:39:40,73,45.0
2019-11-05 15:39:43,73,45.0
2019-11-05 15:39:46,73,45.0
2019-11-05 15:39:49,73,45.0
2019-11-05 15:39:52,73,45.0
2019-11-05 15:39:55,73,46.0
2019-11-05 15:39:58,73,45.0
2019-11-05 15:40:01,73,45.0
2019-11-05 15:40:04,73,46.0
2019-11-05 15:40:06,73,45.0
2019-11-05 15:40:09,73,45.0
2019-11-05 15:40:12,73,45.0
2019-11-05 15:40:15,73,45.0
2019-11-05 15:40:20,73,45.0
2019-11-05 15:40:24,73,45.0
2019-11-05 15:40:26,73,45.0
2019-11-05 15:40:29,73,45.0
2019-11-05 15:40:34,73,45.0
2019-11-05 15:40:37,73,45.0
2019-11-05 15:40:40,73,45.0
2019-11-05 15:40:43,73,45.0
2019-11-05 15:40:46,73,45.0
2019-11-05 15:40:49,73,45.0
2019-11-05 15:40:52,73,45.0
2019-11-05 15:40:55,73,45.0
2019-11-05 15:40:57,73,45.0
2019-11-05 15:41:00,73,45.0
2019-11-05 15:41:03,73,45.0
2019-11-05 15:41:06,73,45.0
2019-11-05 15:41:09,73,45.0
2019-11-05 15:41:12,73,45.0
2019-11-05 15:41:15,73,45.0
2019-11-05 15:41:17,73,45.0
2019-11-05 15:41:20,73,45.0
2019-11-05 15:41:23,73,45.0
2019-11-05 15:41:26,73,45.0
2019-11-05 15:41:29,73,45.0
2019-11-05 15:41:32,73,45.0
2019-11-05 15:41:37,73,45.0
2019-11-05 15:41:40,73,45.0
2019-11-05 15:41:43,73,45.0
2019-11-05 15:41:46,73,45.0
2019-11-05 15:41:49,73,45.0
2019-11-05 15:41:52,73,45.0
2019-11-05 15:41:54,73,45.0
2019-11-05 15:42:00,73,45.0
2019-11-05 15:42:08,73,45.0
2019-11-05 15:42:09,73,45.0
2019-11-05 15:42:11,73,45.0
2019-11-05 15:42:12,73,45.0
2019-11-05 15:42:14,73,45.0
2019-11-05 15:42:15,73,45.0
2019-11-05 15:42:17,73,45.0
2019-11-05 15:42:18,73,45.0
2019-11-05 15:42:22,73,45.0
2019-11-05 15:42:23,73,45.0
2019-11-05 15:42:25,73,45.0
2019-11-05 15:42:28,73,45.0
2019-11-05 15:42:34,73,45.0
2019-11-05 15:42:37,73,45.0
2019-11-05 15:42:39,73,45.0
2019-11-05 15:42:42,73,45.0
2019-11-05 15:42:45,73,45.0
2019-11-05 15:42:48,73,45.0
2019-11-05 15:42:53,73,45.0
2019-11-05 15:42:57,73,45.0
2019-11-05 15:43:02,73,45.0
2019-11-05 15:43:05,73,45.0
2019-11-05 15:43:07,73,45.0
2019-11-05 15:43:11,73,45.0
2019-11-05 15:43:13,73,45.0
2019-11-05 15:43:16,73,45.0
2019-11-05 15:43:19,73,45.0
2019-11-05 15:43:22,73,45.0
2019-11-05 15:43:25,73,45.0
2019-11-05 15:43:28,73,45.0
2019-11-05 15:43:31,73,45.0
2019-11-05 15:43:34,73,45.0
2019-11-05 15:43:39,73,45.0
2019-11-05 15:43:42,73,45.0
2019-11-05 15:43:45,73,45.0
2019-11-05 15:43:48,73,45.0
2019-11-05 15:43:55,73,45.0
2019-11-05 15:43:58,73,45.0
2019-11-05 15:44:01,73,45.0
2019-11-05 15:44:09,73,46.0
2019-11-05 15:44:12,73,46.0
2019-11-05 15:44:15,73,46.0
2019-11-05 15:44:18,73,46.0
2019-11-05 15:44:21,73,46.0
2019-11-05 15:44:24,73,45.0
2019-11-05 15:44:26,73,45.0
2019-11-05 15:44:29,73,45.0
2019-11-05 15:44:32,73,45.0
2019-11-05 15:44:35,73,45.0
2019-11-05 15:44:41,73,45.0
2019-11-05 15:44:46,73,45.0
2019-11-05 15:44:49,73,45.0
2019-11-05 15:44:51,73,45.0
2019-11-05 15:44:55,73,45.0
2019-11-05 15:44:57,73,45.0
2019-11-05 15:45:00,73,45.0
2019-11-05 15:45:03,73,45.0
2019-11-05 15:45:06,73,45.0
2019-11-05 15:45:09,73,45.0
2019-11-05 15:45:14,73,45.0
2019-11-05 15:45:17,73,45.0
2019-11-05 15:45:20,73,45.0
2019-11-05 15:45:23,73,45.0
2019-11-05 15:45:26,73,45.0
2019-11-05 15:45:28,73,45.0
2019-11-05 15:45:31,73,45.0
2019-11-05 15:45:34,73,45.0
2019-11-05 15:45:37,73,45.0
2019-11-05 15:45:40,73,45.0
2019-11-05 15:45:43,73,45.0
2019-11-05 15:45:48,73,45.0
2019-11-05 15:45:51,73,45.0
2019-11-05 15:45:54,73,45.0
2019-11-05 15:46:02,73,45.0
2019-11-05 15:46:05,73,45.0
2019-11-05 15:46:08,73,45.0
2019-11-05 15:46:11,73,45.0
2019-11-05 15:46:13,73,45.0
2019-11-05 15:46:19,73,45.0
2019-11-05 15:46:25,73,45.0
2019-11-05 15:46:28,73,45.0
2019-11-05 15:46:30,73,45.0
2019-11-05 15:46:36,73,45.0
2019-11-05 15:46:39,73,45.0
2019-11-05 15:46:42,73,45.0
2019-11-05 15:46:44,73,45.0
2019-11-05 15:46:47,73,45.0
2019-11-05 15:46:50,73,45.0
2019-11-05 15:46:53,73,45.0
2019-11-05 15:46:56,73,45.0
2019-11-05 15:46:59,73,45.0
2019-11-05 15:47:02,73,45.0
2019-11-05 15:47:07,73,45.0
2019-11-05 15:47:10,73,44.0
2019-11-05 15:47:15,73,44.0
2019-11-05 15:47:18,73,44.0
2019-11-05 15:47:21,73,44.0
2019-11-05 15:47:24,73,44.0
2019-11-05 15:47:27,73,45.0
2019-11-05 15:47:30,73,44.0
2019-11-05 15:47:33,73,45.0
2019-11-05 15:47:36,73,44.0
2019-11-05 15:47:41,73,44.0
2019-11-05 15:47:44,73,44.0
2019-11-05 15:47:47,73,44.0
2019-11-05 15:47:50,73,44.0
2019-11-05 15:47:53,73,44.0
2019-11-05 15:47:58,73,44.0
2019-11-05 15:48:01,73,44.0
2019-11-05 15:48:04,73,44.0
2019-11-05 15:48:07,73,44.0
2019-11-05 15:48:10,73,44.0
2019-11-05 15:48:15,73,44.0
2019-11-05 15:48:18,73,44.0
2019-11-05 15:48:21,73,44.0
2019-11-05 15:48:23,73,44.0
2019-11-05 15:48:26,73,44.0
2019-11-05 15:48:30,73,44.0
2019-11-05 15:48:32,73,44.0
2019-11-05 15:48:35,73,44.0
2019-11-05 15:48:38,73,44.0
2019-11-05 15:48:41,73,44.0
2019-11-05 15:48:44,73,44.0
2019-11-05 15:48:47,73,44.0
2019-11-05 15:48:50,73,44.0
2019-11-05 15:48:52,73,44.0
2019-11-05 15:48:55,73,44.0
2019-11-05 15:48:58,73,44.0
2019-11-05 15:49:01,73,44.0
2019-11-05 15:49:04,73,44.0
2019-11-05 15:49:07,73,44.0
2019-11-05 15:49:10,73,44.0
2019-11-05 15:49:12,73,44.0
2019-11-05 15:49:15,73,44.0
2019-11-05 15:49:18,73,44.0
2019-11-05 15:49:21,73,44.0
2019-11-05 15:49:24,73,44.0
2019-11-05 15:49:27,73,44.0
2019-11-05 15:49:30,73,44.0
2019-11-05 15:49:33,73,44.0
2019-11-05 15:49:40,73,44.0
2019-11-05 15:49:46,73,44.0
2019-11-05 15:49:49,73,44.0
2019-11-05 15:49:52,73,44.0
2019-11-05 15:49:57,73,44.0
2019-11-05 15:50:00,73,44.0
2019-11-05 15:50:03,73,44.0
2019-11-05 15:50:06,73,44.0
2019-11-05 15:50:09,73,44.0
2019-11-05 15:50:17,73,44.0
2019-11-05 15:50:20,73,44.0
2019-11-05 15:50:23,73,44.0
2019-11-05 15:50:26,73,44.0
2019-11-05 15:50:28,73,44.0
2019-11-05 15:50:31,73,44.0
2019-11-05 15:50:34,73,44.0
2019-11-05 15:50:37,73,44.0
2019-11-05 15:50:40,73,44.0
2019-11-05 15:50:43,73,44.0
2019-11-05 15:50:48,73,44.0
2019-11-05 15:50:51,73,44.0
2019-11-05 15:50:54,73,44.0
2019-11-05 15:50:57,73,44.0
2019-11-05 15:51:00,73,44.0
2019-11-05 15:51:03,73,44.0
2019-11-05 15:51:05,73,44.0
2019-11-05 15:51:08,73,44.0
2019-11-05 15:51:11,73,44.0
2019-11-05 15:51:14,73,44.0
2019-11-05 15:51:17,73,44.0
2019-11-05 15:51:22,73,44.0
2019-11-05 15:51:25,73,44.0
2019-11-05 15:51:28,73,44.0
2019-11-05 15:51:31,73,44.0
2019-11-05 15:51:34,73,44.0
2019-11-05 15:51:37,73,44.0
2019-11-05 15:51:40,73,44.0
2019-11-05 15:51:46,73,44.0
2019-11-05 15:51:47,73,44.0
2019-11-05 15:51:49,73,44.0
2019-11-05 15:51:51,73,44.0
2019-11-05 15:51:53,73,44.0
2019-11-05 15:51:54,73,44.0
2019-11-05 15:51:56,73,44.0
2019-11-05 15:51:59,73,44.0
2019-11-05 15:52:07,73,44.0
2019-11-05 15:52:10,73,44.0
2019-11-05 15:52:13,73,44.0
2019-11-05 15:52:16,73,44.0
2019-11-05 15:52:19,73,44.0
2019-11-05 15:52:22,73,44.0
2019-11-05 15:52:27,73,44.0
2019-11-05 15:52:30,73,44.0
2019-11-05 15:52:33,73,44.0
2019-11-05 15:52:36,73,44.0
2019-11-05 15:52:39,73,44.0
2019-11-05 15:52:42,73,44.0
2019-11-05 15:52:49,73,44.0
2019-11-05 15:52:53,73,44.0
2019-11-05 15:52:58,73,44.0
2019-11-05 15:53:01,73,44.0
2019-11-05 15:53:03,73,44.0
2019-11-05 15:53:07,73,44.0
2019-11-05 15:53:09,73,44.0
2019-11-05 15:53:12,73,44.0
2019-11-05 15:53:15,73,44.0
2019-11-05 15:53:19,73,44.0
2019-11-05 15:53:21,73,44.0
2019-11-05 15:53:24,73,44.0
2019-11-05 15:53:30,73,44.0
2019-11-05 15:53:33,73,44.0
2019-11-05 15:53:35,73,44.0
2019-11-05 15:53:38,73,44.0
2019-11-05 15:53:41,73,44.0
2019-11-05 15:53:44,73,44.0
2019-11-05 15:53:47,73,44.0
2019-11-05 15:53:50,73,44.0
2019-11-05 15:53:52,73,44.0
2019-11-05 15:53:55,73,44.0
2019-11-05 15:53:58,73,44.0
2019-11-05 15:54:01,73,44.0
2019-11-05 15:54:04,73,44.0
2019-11-05 15:54:07,73,44.0
2019-11-05 15:54:10,73,44.0
2019-11-05 15:54:13,73,44.0
2019-11-05 15:54:15,73,44.0
2019-11-05 15:54:18,73,44.0
2019-11-05 15:54:21,73,44.0
2019-11-05 15:54:24,73,44.0
2019-11-12 14:34:13,73,28.0
2019-11-12 14:34:16,73,28.0
2019-11-12 14:34:19,73,28.0
2019-11-12 14:34:22,73,28.0
2019-11-12 14:34:25,73,27.0
2019-11-12 14:34:28,73,28.0
2019-11-12 14:34:31,73,27.0
2019-11-12 14:34:34,73,27.0
2019-11-12 14:34:36,73,27.0
2019-11-12 14:34:40,73,27.0
2019-11-12 14:34:42,73,27.0
2019-11-12 14:34:45,73,27.0
2019-11-12 14:34:48,73,27.0
2019-11-12 14:34:51,73,27.0
2019-11-12 14:34:54,73,27.0
2019-11-12 14:34:57,73,27.0
2019-11-12 14:34:59,73,27.0
2019-11-12 14:35:02,73,27.0
2019-11-12 14:35:08,73,27.0
2019-11-12 14:35:11,73,27.0
2019-11-12 14:35:13,73,27.0
2019-11-12 14:35:16,73,27.0
2019-11-12 14:35:19,73,27.0
2019-11-12 14:35:22,73,27.0
2019-11-12 14:35:25,73,27.0
2019-11-12 14:35:28,73,27.0
2019-11-12 14:35:31,73,27.0
2019-11-12 14:35:33,73,27.0
2019-11-12 14:35:37,73,27.0
2019-11-12 14:35:39,73,27.0
2019-11-12 14:35:42,73,27.0
2019-11-12 14:35:45,73,26.0
2019-11-12 14:35:48,73,26.0
2019-11-12 14:35:53,73,26.0
2019-11-12 14:35:59,73,26.0
2019-11-12 14:36:01,73,26.0
2019-11-12 14:36:05,73,26.0
2019-11-12 14:36:07,73,26.0
2019-11-12 14:36:10,73,26.0
2019-11-12 14:36:13,73,26.0
2019-11-12 14:36:16,73,26.0
2019-11-12 14:36:21,73,26.0
2019-11-12 14:36:27,73,26.0
2019-11-12 14:36:30,73,26.0
2019-11-12 14:36:33,73,26.0
2019-11-12 14:36:35,73,26.0
2019-11-12 14:36:38,73,26.0
2019-11-12 14:36:41,73,26.0
2019-11-12 14:36:44,73,26.0
2019-11-12 14:36:47,73,26.0
2019-11-12 14:36:50,73,26.0
2019-11-12 14:36:53,73,26.0
2019-11-12 14:36:55,73,26.0
2019-11-12 14:36:58,73,26.0
2019-11-12 14:37:02,73,26.0
2019-11-12 14:37:04,73,26.0
2019-11-12 14:37:06,73,26.0
2019-11-12 14:37:07,73,26.0
2019-11-12 14:37:09,73,26.0
2019-11-12 14:37:13,73,26.0
2019-11-12 14:37:16,73,26.0
2019-11-12 14:37:19,73,26.0
2019-11-12 14:37:22,73,26.0
2019-11-12 14:37:25,73,26.0
2019-11-12 14:37:27,73,26.0
2019-11-12 14:37:30,73,25.0
2019-11-12 14:37:33,73,25.0
2019-11-12 14:37:39,75,25.0
2019-11-12 14:37:41,75,25.0
2019-11-12 14:37:44,75,25.0
2019-11-12 14:37:47,75,25.0
2019-11-12 14:37:50,75,25.0
2019-11-12 14:37:53,75,25.0
2019-11-12 14:37:56,75,25.0
2019-11-12 14:37:58,75,25.0
2019-11-12 14:38:02,75,25.0
2019-11-12 14:38:04,75,25.0
2019-11-12 14:38:07,75,25.0
2019-11-12 14:38:10,75,25.0
2019-11-12 14:38:13,75,25.0
2019-11-12 14:38:16,75,25.0
2019-11-12 14:38:19,75,25.0
2019-11-12 14:38:27,75,25.0
2019-11-12 14:38:30,75,25.0
2019-11-12 14:38:35,75,25.0
2019-11-12 14:38:38,75,25.0
2019-11-12 14:38:41,75,25.0
2019-11-12 14:38:44,75,25.0
2019-11-12 14:38:46,75,25.0
2019-11-12 14:38:49,75,25.0
2019-11-12 14:38:52,75,24.0
2019-11-12 14:38:55,75,24.0
2019-11-12 14:38:58,75,24.0
2019-11-12 14:39:01,75,24.0
2019-11-12 14:39:04,75,24.0
2019-11-12 14:39:09,75,24.0
2019-11-12 14:39:12,75,24.0
2019-11-12 14:39:15,75,24.0
2019-11-12 14:39:23,75,24.0
2019-11-12 14:39:26,75,24.0
2019-11-12 14:39:29,75,24.0
2019-11-12 14:39:32,75,24.0
2019-11-12 14:39:34,75,24.0
2019-11-12 14:39:37,75,24.0
2019-11-12 14:39:40,75,24.0
2019-11-12 14:39:43,75,24.0
2019-11-12 14:39:46,75,24.0
2019-11-12 14:39:49,75,24.0
2019-11-12 14:39:52,75,24.0
2019-11-12 14:39:55,75,24.0
2019-11-12 14:39:57,75,24.0
2019-11-12 14:40:00,75,24.0
2019-11-12 14:40:03,75,24.0
2019-11-12 14:40:06,75,24.0
2019-11-12 14:40:09,75,24.0
2019-11-12 14:40:12,75,23.0
2019-11-12 14:40:15,75,23.0
2019-11-12 14:40:18,75,23.0
2019-11-12 14:40:20,75,23.0
2019-11-12 14:40:26,75,23.0
2019-11-12 14:40:29,75,23.0
2019-11-12 14:40:32,75,23.0
2019-11-12 14:40:37,75,23.0
2019-11-12 14:40:40,75,23.0
2019-11-12 14:40:43,75,23.0
2019-11-12 14:40:48,75,23.0
2019-11-12 14:40:54,75,23.0
2019-11-12 14:40:57,75,23.0
2019-11-12 14:41:00,75,23.0
2019-11-12 14:41:05,75,23.0
2019-11-12 14:41:08,75,23.0
2019-11-12 14:41:13,75,23.0
2019-11-12 14:41:16,75,23.0
2019-11-12 14:41:19,75,23.0
2019-11-12 14:41:21,75,23.0
2019-11-12 14:41:22,75,23.0
2019-11-12 14:41:25,75,23.0
2019-11-12 14:41:28,75,23.0
2019-11-12 14:41:30,75,23.0
2019-11-12 14:41:33,75,22.0
2019-11-12 14:41:36,75,22.0
2019-11-12 14:41:57,77,22.0
2019-11-12 14:42:00,77,22.0
2019-11-12 14:42:05,77,22.0
2019-11-12 14:42:08,77,22.0
2019-11-12 14:42:16,77,22.0
2019-11-12 14:42:19,77,22.0
2019-11-12 14:42:32,77,22.0
2019-11-12 14:42:35,77,22.0
2019-11-12 14:42:46,77,21.0
2019-11-12 14:42:51,77,22.0
2019-11-12 14:43:04,77,22.0
2019-11-12 14:43:07,77,22.0
2019-11-12 14:43:13,77,22.0
2019-11-12 14:43:16,77,21.0
2019-11-12 14:43:18,77,21.0
2019-11-12 14:43:24,77,21.0
2019-11-12 14:43:42,77,21.0
2019-11-12 14:43:45,77,21.0
2019-11-12 14:43:48,77,21.0
2019-11-12 14:43:53,77,21.0
2019-11-12 14:43:56,77,21.0
2019-11-12 14:43:59,77,21.0
2019-11-12 14:44:02,77,21.0
2019-11-12 14:44:13,77,21.0
2019-11-12 14:44:15,77,21.0
2019-11-12 14:44:18,77,21.0
2019-11-12 14:44:20,77,21.0
2019-11-12 14:44:26,77,21.0
2019-11-12 14:44:29,77,21.0
2019-11-12 14:44:31,77,21.0
2019-11-12 14:44:34,77,21.0
2019-11-12 14:44:37,77,21.0
2019-11-12 14:44:40,77,21.0
2019-11-12 14:44:43,77,21.0
2019-11-12 14:44:46,77,21.0
2019-11-12 14:44:48,77,21.0
2019-11-12 14:44:51,77,20.0
2019-11-12 14:44:57,77,20.0
2019-11-12 14:45:00,77,20.0
2019-11-12 15:37:11,75,25.0
2019-11-12 15:37:16,75,25.0
2019-11-12 15:37:24,75,25.0
2019-11-12 15:37:27,75,25.0
2019-11-12 15:37:32,75,25.0
2019-11-12 15:37:36,75,26.0
2019-11-12 15:37:38,75,25.0
2019-11-12 15:37:41,75,25.0
2019-11-12 15:37:44,75,26.0
2019-11-12 15:37:47,75,26.0
2019-11-12 15:37:50,75,26.0
2019-11-12 15:37:53,75,26.0
2019-11-12 15:37:55,75,26.0
2019-11-12 15:37:59,75,26.0
2019-11-12 15:38:09,75,26.0
2019-11-12 15:38:12,75,26.0
2019-11-12 15:38:15,75,26.0
2019-11-12 15:38:23,75,26.0
2019-11-12 15:38:26,75,26.0
2019-11-12 15:38:29,75,26.0
2019-11-12 15:38:32,75,26.0
2019-11-12 15:38:34,75,26.0
2019-11-12 15:38:37,75,26.0
2019-11-12 15:38:40,75,26.0
2019-11-12 15:38:43,75,26.0
2019-11-12 15:38:46,75,26.0
2019-11-12 15:38:51,75,26.0
2019-11-12 15:38:54,75,26.0
2019-11-12 15:38:57,75,26.0
2019-11-12 15:39:02,75,26.0
2019-11-12 15:39:08,75,26.0
2019-11-12 15:39:11,75,26.0
2019-11-12 15:39:14,75,26.0
2019-11-12 15:39:16,75,27.0
2019-11-12 15:39:20,75,27.0
2019-11-12 15:39:30,75,26.0
2019-11-12 15:39:33,75,27.0
2019-11-12 15:39:36,75,27.0
2019-11-12 15:39:39,75,27.0
2019-11-12 15:39:44,75,27.0
2019-11-12 15:39:47,73,27.0
2019-11-12 15:39:50,73,27.0
2019-11-12 15:40:00,73,27.0
2019-11-12 15:40:03,73,27.0
2019-11-12 15:40:06,73,27.0
2019-11-12 15:40:09,73,27.0
2019-11-12 15:40:14,73,27.0
2019-11-12 15:40:17,73,27.0
2019-11-12 15:40:23,73,27.0
2019-11-12 15:40:28,73,27.0
2019-11-12 15:40:34,73,27.0
2019-11-12 15:40:36,73,27.0
2019-11-12 15:40:40,73,27.0
2019-11-12 15:40:45,73,27.0
2019-11-12 15:40:48,73,27.0
2019-11-12 15:40:50,73,27.0
2019-11-12 15:40:56,73,27.0
2019-11-12 15:41:06,73,27.0
2019-11-12 15:41:10,73,27.0
2019-11-12 15:41:12,73,27.0
2019-11-12 15:41:18,73,27.0
2019-11-12 15:41:20,73,27.0
2019-11-12 15:41:24,73,27.0
2019-11-12 15:41:29,73,27.0
2019-11-12 15:41:32,73,27.0
2019-11-12 15:41:35,73,27.0
2019-11-12 16:05:14,73,30.0
2019-11-12 16:05:19,73,30.0
2019-11-12 16:05:24,73,30.0
2019-11-12 16:05:27,73,30.0
2019-11-12 16:05:30,73,30.0
2019-11-21 22:59:15,79,43.0
2019-11-21 22:59:19,79,40.0
2019-11-21 22:59:24,79,40.0
